{
  "project_info": {
    "project_number": "53228119947",
    "firebase_url": "https://digicine2.firebaseio.com",
    "project_id": "digicine2",
    "storage_bucket": "digicine2.appspot.com"
  },
  "client": [
    {
      "client_info": {
        "mobilesdk_app_id": "1:53228119947:android:74cef09e6c79adc3",
        "android_client_info": {
          "package_name": "com.example.lazuardy.digicine"
        }
      },
      "oauth_client": [
        {
          "client_id": "53228119947-cqv3mouk8nbl20qb42e2siqqbpn4k6pl.apps.googleusercontent.com",
          "client_type": 3
        }
      ],
      "api_key": [
        {
          "current_key": "AIzaSyC7xlGsOqOhbPkAyGgBAxopK6d3kWqHjp8"
        }
      ],
      "services": {
        "analytics_service": {
          "status": 1
        },
        "appinvite_service": {
          "status": 1,
          "other_platform_oauth_client": []
        },
        "ads_service": {
          "status": 2
        }
      }
    }
  ],
  "configuration_version": "1"
}