{
  "alergi" : {
    "a1" : {
      "nama" : "Alergi Paracetamol"
    },
    "a2" : {
      "nama" : "Alergi Ibuprofen/Aspirin"
    }
  },
  "aturan" : {
    "aturan1" : {
      "alergi" : "a1",
      "gejala" : [ "g2", "g11", "g12", "g13", "g50", "g32", "g36", "g37", "g38", "g30", "g34", "g35", "g41", "g18", "g19" ],
      "obat" : "ob12",
      "usia" : "u1"
    },
    "aturan10" : {
      "alergi" : "a1",
      "gejala" : [ "g6", "g11", "g12", "g13", "g50", "g32", "g37", "g38", "g35", "g41", "g18", "g19", "g51", "g54", "g20", "g30" ],
      "obat" : "ob15",
      "usia" : "u3"
    },
    "aturan11" : {
      "alergi" : "a1",
      "gejala" : [ "g6", "g11", "g12", "g13", "g16", "g18", "g19", "g20", "g32", "g35", "g37", "g38", "g30", "g41", "g51", "g54" ],
      "obat" : "ob12",
      "usia" : "u3"
    },
    "aturan12" : {
      "alergi" : "a1",
      "gejala" : [ "g6", "g11", "g12", "g13", "g18", "g19", "g20", "g32", "g35", "g37", "g38", "g30", "g41", "g44", "g49", "g51", "g52", "g54" ],
      "obat" : "ob19",
      "usia" : "u3"
    },
    "aturan13" : {
      "alergi" : "a1",
      "gejala" : [ "g8", "g11", "g12", "g13", "g18", "g19", "g20", "g30", "g32", "g35", "g37", "g38", "g41", "g44", "g47", "g49", "g51", "g52", "g54" ],
      "obat" : "ob19",
      "usia" : "u4"
    },
    "aturan14" : {
      "alergi" : "a1",
      "gejala" : [ "g8", "g11", "g12", "g13", "g18", "g19", "g20", "g32", "g35", "g37", "g38", "g41", "g44", "g49", "g50", "g51", "g54" ],
      "obat" : "ob13",
      "usia" : "u4"
    },
    "aturan15" : {
      "alergi" : "a1",
      "gejala" : [ "g8", "g11", "g12", "g13", "g18", "g19", "g20", "g30", "g32", "g35", "g37", "g38", "g41", "g44", "g49", "g50", "g51", "g54" ],
      "obat" : "ob15",
      "usia" : "u4"
    },
    "aturan16" : {
      "alergi" : "a1",
      "gejala" : [ "g10", "g11", "g12", "g13", "g18", "g19", "g20", "g32", "g35", "g37", "g38", "g41", "g44", "g49", "g50", "g51", "g54" ],
      "obat" : "ob14",
      "usia" : "u5"
    },
    "aturan17" : {
      "alergi" : "a1",
      "gejala" : [ "g10", "g11", "g12", "g13", "g18", "g19", "g20", "g30", "g32", "g35", "g37", "g38", "g41", "g44", "g47", "g49", "g51", "g52", "g54" ],
      "obat" : "ob19",
      "usia" : "u5"
    },
    "aturan18" : {
      "alergi" : "a1",
      "gejala" : [ "g10", "g11", "g12", "g13", "g18", "g19", "g20", "g30", "g32", "g35", "g37", "g38", "g41", "g44", "g49", "g51", "g52", "g54" ],
      "obat" : "ob12",
      "usia" : "u5"
    },
    "aturan19" : {
      "alergi" : "a2",
      "gejala" : [ "g2", "g11", "g12", "g13", "g18", "g19", "g22", "g30", "g33", "g34", "g32", "g35", "g36", "g38", "g39", "g40", "g41", "g42", "g43", "g44", "g45", "g46", "g48", "g50", "g51", "g53" ],
      "obat" : "ob1",
      "usia" : "u1"
    },
    "aturan2" : {
      "alergi" : "a1",
      "gejala" : [ "g2", "g11", "g12", "g13", "g50", "g32", "g36", "g37", "g38", "g30", "g34", "g35", "g41", "g18", "g19", "g27" ],
      "obat" : "ob14",
      "usia" : "u1"
    },
    "aturan20" : {
      "alergi" : "a2",
      "gejala" : [ "g2", "g11", "g12", "g13", "g18", "g19", "g30", "g33", "g34", "g32", "g35", "g36", "g38", "g39", "g40", "g41", "g42", "g43", "g44", "g45", "g46", "g48", "g50", "g51", "g53" ],
      "obat" : "ob2",
      "usia" : "u1"
    },
    "aturan21" : {
      "alergi" : "a2",
      "gejala" : [ "g2", "g11", "g12", "g13", "g18", "g19", "g30", "g32", "g33", "g34", "g35", "g36", "g38", "g39", "g40", "g41", "g42", "g43", "g44", "g45", "g46", "g48", "g50", "g51", "g53" ],
      "obat" : "ob3",
      "usia" : "u1"
    },
    "aturan22" : {
      "alergi" : "a2",
      "gejala" : [ "g3", "g11", "g12", "g13", "g18", "g19", "g30", "g33", "g34", "g32", "g35", "g36", "g38", "g39", "g40", "g41", "g42", "g43", "g44", "g45", "g46", "g48", "g50", "g51", "g53" ],
      "obat" : "ob4",
      "usia" : "u1"
    },
    "aturan23" : {
      "alergi" : "a2",
      "gejala" : [ "g4", "g11", "g12", "g13", "g18", "g19", "g30", "g33", "g34", "g32", "g35", "g36", "g38", "g39", "g40", "g41", "g42", "g43", "g44", "g45", "g46", "g48", "g50", "g51", "g53" ],
      "obat" : "ob8",
      "usia" : "u1"
    },
    "aturan24" : {
      "alergi" : "a2",
      "gejala" : [ "g5", "g11", "g12", "g13", "g18", "g19", "g30", "g33", "g34", "g32", "g35", "g36", "g38", "g39", "g40", "g41", "g42", "g43", "g44", "g45", "g46", "g48", "g50", "g51", "g53" ],
      "obat" : "ob9",
      "usia" : "u1"
    },
    "aturan25" : {
      "alergi" : "a2",
      "gejala" : [ "g2", "g11", "g12", "g13", "g18", "g19", "g30", "g32", "g33", "g32", "g34", "g35", "g36", "g38", "g39", "g40", "g41", "g42", "g43", "g44", "g45", "g46", "g48", "g50", "g53" ],
      "obat" : "ob16",
      "usia" : "u1"
    },
    "aturan26" : {
      "alergi" : "a2",
      "gejala" : [ "g4", "g11", "g12", "g13", "g18", "g19", "g20", "g30", "g32", "g33", "g34", "g35", "g36", "g38", "g39", "g40", "g41", "g42", "g43", "g44", "g45", "g46", "g48", "g50", "g51", "g53", "g54" ],
      "obat" : "ob5",
      "usia" : "u2"
    },
    "aturan27" : {
      "alergi" : "a2",
      "gejala" : [ "g4", "g11", "g12", "g13", "g16", "g17", "g18", "g19", "g20", "g30", "g32", "g33", "g34", "g35", "g36", "g38", "g39", "g40", "g41", "g42", "g43", "g44", "g45", "g46", "g48", "g50", "g51", "g53", "g54" ],
      "obat" : "ob6",
      "usia" : "u2"
    },
    "aturan28" : {
      "alergi" : "a2",
      "gejala" : [ "g3", "g11", "g12", "g13", "g18", "g19", "g20", "g30", "g32", "g33", "g34", "g35", "g36", "g38", "g39", "g40", "g41", "g42", "g43", "g44", "g45", "g46", "g48", "g50", "g51", "g53", "g54" ],
      "obat" : "ob7",
      "usia" : "u2"
    },
    "aturan29" : {
      "alergi" : "a2",
      "gejala" : [ "g4", "g11", "g12", "g13", "g18", "g19", "g20", "g30", "g32", "g33", "g34", "g35", "g36", "g38", "g39", "g40", "g41", "g44", "g45", "g46", "g47", "g53", "g54" ],
      "obat" : "ob18",
      "usia" : "u2"
    },
    "aturan3" : {
      "alergi" : "a1",
      "gejala" : [ "g4", "g11", "g12", "g13", "g50", "g32", "g36", "g37", "g38", "g30", "g34", "g35", "g41", "g18", "g19", "g16" ],
      "obat" : "ob15",
      "usia" : "u2"
    },
    "aturan30" : {
      "alergi" : "a2",
      "gejala" : [ "g4", "g11", "g12", "g13", "g18", "g19", "g20", "g30", "g34", "g32", "g33", "g35", "g36", "g38", "g39", "g40", "g41", "g42", "g43", "g44", "g45", "g46", "g48", "g50", "g51", "g53", "g54" ],
      "obat" : "ob20",
      "usia" : "u2"
    },
    "aturan31" : {
      "alergi" : "a2",
      "gejala" : [ "g6", "g11", "g12", "g13", "g18", "g19", "g22", "g30", "g32", "g33", "g34", "g35", "g36", "g38", "g39", "g40", "g41", "g42", "g43", "g44", "g45", "g46", "g48", "g50", "g51", "g52", "g53" ],
      "obat" : "ob1",
      "usia" : "u3"
    },
    "aturan32" : {
      "alergi" : "a2",
      "gejala" : [ "g6", "g11", "g12", "g13", "g18", "g19", "g30", "g32", "g33", "g34", "g35", "g36", "g38", "g39", "g40", "g41", "g42", "g43", "g44", "g45", "g46", "g48", "g50", "g51", "g53" ],
      "obat" : "ob6",
      "usia" : "u3"
    },
    "aturan33" : {
      "alergi" : "a2",
      "gejala" : [ "g6", "g11", "g12", "g13", "g18", "g19", "g32", "g33", "g34", "g35", "g36", "g38", "g39", "g40", "g41", "g42", "g43", "g44", "g45", "g46", "g48", "g50", "g51", "g53" ],
      "obat" : "ob7",
      "usia" : "u3"
    },
    "aturan34" : {
      "alergi" : "a2",
      "gejala" : [ "g8", "g11", "g12", "g13", "g18", "g19", "g22", "g30", "g32", "g33", "g34", "g35", "g36", "g38", "g39", "g40", "g41", "g42", "g43", "g44", "g45", "g46", "g48", "g50", "g51", "g53", "g52" ],
      "obat" : "ob1",
      "usia" : "u4"
    },
    "aturan35" : {
      "alergi" : "a2",
      "gejala" : [ "g8", "g11", "g12", "g13", "g18", "g19", "g30", "g32", "g33", "g34", "g35", "g36", "g38", "g39", "g40", "g41", "g42", "g43", "g44", "g45", "g46", "g48", "g49", "g50", "g51", "g52", "g53" ],
      "obat" : "ob2",
      "usia" : "u4"
    },
    "aturan36" : {
      "alergi" : "a2",
      "gejala" : [ "g8", "g11", "g12", "g13", "g18", "g19", "g32", "g33", "g34", "g35", "g36", "g38", "g39", "g40", "g41", "g42", "g43", "g44", "g45", "g46", "g48", "g50", "g51", "g52", "g53", "g54" ],
      "obat" : "ob11",
      "usia" : "u4"
    },
    "aturan37" : {
      "alergi" : "a2",
      "gejala" : [ "g10", "g11", "g12", "g13", "g18", "g19", "g34", "g32", "g33", "g35", "g36", "g38", "g39", "g40", "g41", "g42", "g43", "g44", "g45", "g46", "g48", "g50", "g51", "g52", "g53" ],
      "obat" : "ob11",
      "usia" : "u5"
    },
    "aturan38" : {
      "alergi" : "a2",
      "gejala" : [ "g10", "g11", "g12", "g13", "g18", "g19", "g30", "g32", "g33", "g34", "g35", "g36", "g38", "g39", "g40", "g42", "g43", "g44", "g45", "g46", "g4", "g48", "g50", "g51", "g52", "g53" ],
      "obat" : "ob1",
      "usia" : "u5"
    },
    "aturan39" : {
      "alergi" : "a2",
      "gejala" : [ "g10", "g11", "g12", "g13", "g18", "g19", "g30", "g32", "g33", "g34", "g35", "g36", "g38", "g39", "g40", "g41", "g42", "g43", "g44", "g45", "g46", "g48", "g49", "g50", "g51", "g52", "g53" ],
      "obat" : "ob2",
      "usia" : "u5"
    },
    "aturan4" : {
      "alergi" : "a1",
      "gejala" : [ "g4", "g11", "g12", "g13", "g50", "g32", "g36", "g37", "g38", "g30", "g34", "g35", "g41", "g18", "g19", "g16" ],
      "obat" : "ob12",
      "usia" : "u2"
    },
    "aturan40" : {
      "alergi" : "a2",
      "gejala" : [ "g10", "g11", "g12", "g13", "g18", "g19", "g30", "g31", "g33", "g34", "g35", "g36", "g38", "g39", "g40", "g41", "g42", "g43", "g44", "g45", "g46", "g48", "g49", "g50", "g51", "g52", "g53" ],
      "obat" : "ob10",
      "usia" : "u5"
    },
    "aturan41" : {
      "alergi" : "a1",
      "gejala" : [ "g1", "g11", "g12", "g13", "g14" ],
      "obat" : "ob41",
      "usia" : "u1"
    },
    "aturan42" : {
      "alergi" : "a2",
      "gejala" : [ "g1", "g11", "g12", "g13", "g14", "g1", "g11", "g12", "g13", "g14" ],
      "obat" : "ob41",
      "usia" : "u1"
    },
    "aturan43" : {
      "alergi" : "a1",
      "gejala" : [ "g1", "g4", "g15" ],
      "obat" : "ob41",
      "usia" : "u2"
    },
    "aturan44" : {
      "alergi" : "a2",
      "gejala" : [ "g15", "g9" ],
      "obat" : "ob41",
      "usia" : "u1"
    },
    "aturan45" : {
      "alergi" : "a1",
      "gejala" : [ "g9", "g19", "g39", "g49" ],
      "obat" : "ob41",
      "usia" : "u5"
    },
    "aturan46" : {
      "alergi" : "a1",
      "gejala" : [ "g9", "g19", "g39", "g49", "g4", "g12", "g7", "g16", "g9", "g14", "g23", "g24", "g22" ],
      "obat" : "ob41",
      "usia" : "u3"
    },
    "aturan47" : {
      "alergi" : "a1",
      "gejala" : [ "g12", "g15" ],
      "obat" : "ob41",
      "usia" : "u3"
    },
    "aturan48" : {
      "alergi" : "a1",
      "gejala" : [ "g1" ],
      "obat" : "ob41",
      "usia" : "u1"
    },
    "aturan5" : {
      "alergi" : "a1",
      "gejala" : [ "g4", "g11", "g12", "g13", "g50", "g32", "g36", "g37", "g38", "g30", "g34", "g35", "g41", "g18", "g19", "g51", "g54" ],
      "obat" : "ob13",
      "usia" : "u2"
    },
    "aturan6" : {
      "alergi" : "a1",
      "gejala" : [ "g4", "g11", "g12", "g13", "g50", "g32", "g36", "g37", "g38", "g34", "g35", "g41", "g18", "g19", "g51", "g54" ],
      "obat" : "ob14",
      "usia" : "u2"
    },
    "aturan7" : {
      "alergi" : "a1",
      "gejala" : [ "g4", "g11", "g12", "g13", "g50", "g32", "g36", "g37", "g38", "g30", "g34", "g35", "g41", "g18", "g19", "g51", "g54", "g16" ],
      "obat" : "ob15",
      "usia" : "u2"
    },
    "aturan8" : {
      "alergi" : "a1",
      "gejala" : [ "g4", "g11", "g12", "g13", "g50", "g32", "g37", "g38", "g35", "g41", "g18", "g19", "g51", "g54", "g20", "g47" ],
      "obat" : "ob16",
      "usia" : "u2"
    },
    "aturan9" : {
      "alergi" : "a1",
      "gejala" : [ "g6", "g11", "g12", "g13", "g50", "g32", "g37", "g38", "g35", "g41", "g18", "g19", "g51", "g54", "g20" ],
      "obat" : "ob14",
      "usia" : "u3"
    }
  },
  "gejala" : {
    "g1" : {
      "nama_gejala" : "Suhu 36,1 – 37,3 (balita_normal)"
    },
    "g10" : {
      "nama_gejala" : "Suhu >37,2 (lansia_demam)"
    },
    "g11" : {
      "nama_gejala" : "Sakit kepala"
    },
    "g12" : {
      "nama_gejala" : "Sakit kepala migrain"
    },
    "g13" : {
      "nama_gejala" : "Sakit gigi"
    },
    "g14" : {
      "nama_gejala" : "Menggigil"
    },
    "g15" : {
      "nama_gejala" : "Dehidrasi"
    },
    "g16" : {
      "nama_gejala" : "Batuk ringan"
    },
    "g17" : {
      "nama_gejala" : "Batuk berat"
    },
    "g18" : {
      "nama_gejala" : "Sakit tenggorokan"
    },
    "g19" : {
      "nama_gejala" : "Sakit pada telinga"
    },
    "g2" : {
      "nama_gejala" : "Suhu >37,3 (balita_demam)"
    },
    "g20" : {
      "nama_gejala" : "Sakit otot / Nyeri otot"
    },
    "g21" : {
      "nama_gejala" : "Diare"
    },
    "g22" : {
      "nama_gejala" : "Mual/Muntah"
    },
    "g23" : {
      "nama_gejala" : "Kehilangan selera makan"
    },
    "g24" : {
      "nama_gejala" : "Merasa kelelahan"
    },
    "g25" : {
      "nama_gejala" : "Sesak nafas"
    },
    "g26" : {
      "nama_gejala" : "Terus menerus merasa mengantuk"
    },
    "g27" : {
      "nama_gejala" : "Muncul bercak-bercak kemerahan pada kulit"
    },
    "g28" : {
      "nama_gejala" : "Leher terasa kaku"
    },
    "g29" : {
      "nama_gejala" : "Mata merah dan sensitif terhadap cahaya"
    },
    "g3" : {
      "nama_gejala" : "Suhu 36,3 – 37,5 (anak_norma)"
    },
    "g30" : {
      "nama_gejala" : "Kesulitan menelan"
    },
    "g31" : {
      "nama_gejala" : "Berkeringat dingin"
    },
    "g32" : {
      "nama_gejala" : "Nyeri sendi/radang sendi"
    },
    "g33" : {
      "nama_gejala" : "Pegal-pegal"
    },
    "g34" : {
      "nama_gejala" : "Demam karena imunisasi"
    },
    "g35" : {
      "nama_gejala" : "Demam karena kehujanan / kelelahan / kurang nutrisi / cuaca sangat panas"
    },
    "g36" : {
      "nama_gejala" : "Demam karena tumbuh gigi"
    },
    "g37" : {
      "nama_gejala" : "Demam karena radang"
    },
    "g38" : {
      "nama_gejala" : "Demam karena influenza (Batuk dan pilek)"
    },
    "g39" : {
      "nama_gejala" : "Demam karena infeksi Virus (Cacar, Campak, Herpes, DBD, Rabies)"
    },
    "g4" : {
      "nama_gejala" : "Suhu >37,5 (anak_demam)"
    },
    "g40" : {
      "nama_gejala" : "Penderita Sinuitis / Memiliki riwayat sakit sinusitis"
    },
    "g41" : {
      "nama_gejala" : "Penderita Tifus / Memiliki riwayat sakit tifus"
    },
    "g42" : {
      "nama_gejala" : "Penderita maagh / Memiliki riwayat sakit maagh"
    },
    "g43" : {
      "nama_gejala" : "Penderita gangguan fungsi ginjal / Memiliki riwayat sakit gangguan fungsi ginjal"
    },
    "g44" : {
      "nama_gejala" : "Penderita gangguan fungsi (gagal jantung/hipertensi) / Memiliki riwayat sakit gangguan fungsi (gagal jantung/hipertensi)"
    },
    "g45" : {
      "nama_gejala" : "Penderita Rinitis (Radang selaput hidung) / Memiliki riwayat sakit Rinitis (Radang selaput hidung)"
    },
    "g46" : {
      "nama_gejala" : "Penderita urtikaria (Biduran)"
    },
    "g47" : {
      "nama_gejala" : "Penderita Lupus Eritematosus Sistematik / Memiliki riwayat penyakit Lupus Eritematosus Sistematik"
    },
    "g48" : {
      "nama_gejala" : "Penderita radang usus / Memiliki riwayat sakit radang usus"
    },
    "g49" : {
      "nama_gejala" : "Penderita stroke / Memiliki riwayat sakit stroke"
    },
    "g5" : {
      "nama_gejala" : "Suhu 36,5 – 37,5 (remaja_normal)"
    },
    "g50" : {
      "nama_gejala" : "Nyeri akibat pencabutan gigi"
    },
    "g51" : {
      "nama_gejala" : "Nyeri setelah operasi"
    },
    "g52" : {
      "nama_gejala" : "Wanita hamil / Menyusui"
    },
    "g53" : {
      "nama_gejala" : "Penderita yang baru saja mengalami kejang"
    },
    "g54" : {
      "nama_gejala" : "Nyeri haid"
    },
    "g6" : {
      "nama_gejala" : "Suhu >37,5 (remaja_demam)"
    },
    "g7" : {
      "nama_gejala" : "Suhu 36,4 – 37,9 (dewasa_normal)"
    },
    "g8" : {
      "nama_gejala" : "Suhu >38 (dewasa_demam)"
    },
    "g9" : {
      "nama_gejala" : "Suhu 36,5 – 37,2(lansia_normal)"
    }
  },
  "obat" : {
    "ob1" : {
      "nama_generik" : "Paracetamol",
      "nama_obat" : "Dumin 125 mg/2,4 mL"
    },
    "ob10" : {
      "nama_generik" : "Paracetamol",
      "nama_obat" : "Tempra Paracetamol Forte"
    },
    "ob11" : {
      "nama_generik" : "Paracetamol",
      "nama_obat" : "Sanmol Tablet"
    },
    "ob12" : {
      "nama_generik" : "Ibuprofen",
      "nama_obat" : "Hufagrip TMP Sirup"
    },
    "ob13" : {
      "nama_generik" : "Ibuprofen",
      "nama_obat" : "Proris Suspensi"
    },
    "ob14" : {
      "nama_generik" : "Ibuprofen",
      "nama_obat" : "Bufect Tablet"
    },
    "ob15" : {
      "nama_generik" : "Ibuprofen",
      "nama_obat" : "Bufect Syrup"
    },
    "ob16" : {
      "nama_generik" : "Acetosal/Aspirin",
      "nama_obat" : "Bodrexin"
    },
    "ob17" : {
      "nama_generik" : "Acetosal/Aspirin",
      "nama_obat" : "Contrexyn Tablet"
    },
    "ob18" : {
      "nama_generik" : "Acetosal/Aspirin",
      "nama_obat" : "Aspilets Chewable Tablet"
    },
    "ob19" : {
      "nama_generik" : "Acetosal/Aspirin",
      "nama_obat" : "Aptor 100 MG Tablet"
    },
    "ob2" : {
      "nama_generik" : "Paracetamol",
      "nama_obat" : "Sanmol Syrup"
    },
    "ob20" : {
      "nama_generik" : "Paracetamol",
      "nama_obat" : "Fasidol Drops"
    },
    "ob3" : {
      "nama_generik" : "Paracetamol",
      "nama_obat" : "Termorex Drop"
    },
    "ob4" : {
      "nama_generik" : "Paracetamol",
      "nama_obat" : "Panadol Anak Drops"
    },
    "ob5" : {
      "nama_generik" : "Paracetamol",
      "nama_obat" : "Panadol Anak Syrup"
    },
    "ob6" : {
      "nama_generik" : "Paracetamol",
      "nama_obat" : "Panadol Anak Suspension"
    },
    "ob7" : {
      "nama_generik" : "Paracetamol",
      "nama_obat" : "Panadol Anak Chewable"
    },
    "ob8" : {
      "nama_generik" : "Paracetamol",
      "nama_obat" : "Bodrexin Demam Drops"
    },
    "ob9" : {
      "nama_generik" : "Paracetamol",
      "nama_obat" : "Tempra Paracetamol Drops"
    }
  },
  "umur" : {
    "u1" : {
      "kategori_usia" : "balita",
      "kelompok_usia" : "0-5"
    },
    "u2" : {
      "kategori_usia" : "kanak-kanak",
      "kelompok_usia" : "6-11"
    },
    "u3" : {
      "kategori_usia" : "remaja",
      "kelompok_usia" : "12-25"
    },
    "u4" : {
      "kategori_usia" : "dewasa",
      "kelompok_usia" : "26-45"
    },
    "u5" : {
      "kategori_usia" : "Lansia",
      "kelompok_usia" : ">45"
    }
  }
}
